0,remove
1,factoid
2,music
3,events
4,ticket
5,factoid
6,hue_lightchange
7,music
8,remove
9,music
10,quirky
11,music
12,post
13,factoid
14,querycontact
15,sendemail
16,order
17,hue_lightchange
18,likeness
19,quirky
20,currency
21,currency
22,querycontact
23,query
24,traffic
25,stock
26,volume_mute
27,set
28,set
29,currency
30,query
31,factoid
32,set
33,music
34,order
35,addcontact
36,music
37,cleaning
38,music
39,query
40,cleaning
41,set
42,currency
43,set
44,radio
45,set
46,hue_lightchange
47,quirky
48,query
49,recipe
50,query
51,query
52,createoradd
53,createoradd
54,traffic
55,post
56,quirky
57,ticket
58,remove
59,query
60,query
61,set
62,music
63,joke
64,query
65,sendemail
66,volume_mute
67,query
68,settings
69,volume_up
70,radio
71,set
72,factoid
73,quirky
74,quirky
75,remove
76,settings
77,events
78,quirky
79,quirky
80,remove
81,factoid
82,factoid
83,sendemail
84,podcasts
85,query
86,remove
87,factoid
88,query
89,remove
90,quirky
91,game
92,remove
93,dislikeness
94,remove
95,sendemail
96,query
97,stock
98,hue_lightdim
99,query
100,query
101,query
102,remove
103,set
104,query
105,post
106,remove
107,joke
108,stock
109,query
110,factoid
111,definition
112,post
113,query
114,query
115,music
116,sendemail
117,sendemail
118,query
119,query
120,music
121,music
122,recipe
123,quirky
124,query
125,movies
126,radio
127,set
128,quirky
129,query
130,volume_up
131,factoid
132,greet
133,remove
134,query
135,factoid
136,currency
137,hue_lightchange
138,recipe
139,query
140,volume_mute
141,hue_lightchange
142,querycontact
143,music
144,query
145,hue_lightdim
146,quirky
147,query
148,game
149,hue_lightup
150,hue_lightchange
151,set
152,query
153,query
154,query
155,set
156,query
157,hue_lightdim
158,hue_lightoff
159,query
160,factoid
161,factoid
162,query
163,query
164,hue_lightup
165,query
166,sendemail
167,query
168,sendemail
169,radio
170,query
171,query
172,factoid
173,post
174,maths
175,query
176,audiobook
177,settings
178,factoid
179,set
180,query
181,hue_lightoff
182,query
183,query
184,hue_lightdim
185,quirky
186,query
187,recipe
188,coffee
189,music
190,sendemail
191,hue_lightup
192,quirky
193,set
194,query
195,factoid
196,remove
197,coffee
198,query
199,query
200,radio
201,query
202,set
203,post
204,query
205,factoid
206,query
207,music
208,set
209,radio
210,set
211,query
212,radio
213,query
214,remove
215,query
216,likeness
217,post
218,query
219,query
220,query
221,query
222,hue_lightdim
223,hue_lightoff
224,definition
225,definition
226,likeness
227,sendemail
228,query
229,music
230,podcasts
231,remove
232,order
233,remove
234,likeness
235,query
236,currency
237,quirky
238,hue_lightdim
239,factoid
240,query
241,query
242,remove
243,query
244,query
245,volume_up
246,radio
247,podcasts
248,set
249,quirky
250,dislikeness
251,query
252,quirky
253,query
254,set
255,definition
256,definition
257,query
258,set
259,factoid
260,set
261,definition
262,recipe
263,query
264,music
265,query
266,radio
267,set
268,query
269,locations
270,query
271,factoid
272,query
273,query
274,currency
275,factoid
276,remove
277,currency
278,set
279,volume_mute
280,factoid
281,ticket
282,set
283,recipe
284,remove
285,set
286,recipe
287,sendemail
288,hue_lightoff
289,stock
290,coffee
291,query
292,definition
293,currency
294,querycontact
295,volume_up
296,createoradd
297,query
298,locations
299,set
300,settings
301,factoid
302,definition
303,recipe
304,query
305,query
306,likeness
307,query
308,query
309,query
310,remove
311,query
312,currency
313,radio
314,set
315,recipe
316,game
317,query
318,addcontact
319,hue_lightoff
320,definition
321,wemo_on
322,music
323,query
324,music
325,podcasts
326,query
327,post
328,currency
329,set
330,definition
331,hue_lightoff
332,remove
333,ticket
334,remove
335,createoradd
336,set
337,query
338,query
339,post
340,volume_mute
341,query
342,factoid
343,order
344,query
345,volume_up
346,order
347,recipe
348,query
349,createoradd
350,volume_mute
351,query
352,music
353,query
354,traffic
355,quirky
356,music
357,factoid
358,query
359,query
360,locations
361,query
362,query
363,set
364,definition
365,query
366,locations
367,quirky
368,definition
369,factoid
370,createoradd
371,query
372,music
373,sendemail
374,quirky
375,maths
376,factoid
377,set
378,remove
379,remove
380,query
381,query
382,query
383,hue_lightoff
384,order
385,currency
386,remove
387,query
388,query
389,definition
390,set
391,audiobook
392,music
393,query
394,wemo_on
395,query
396,query
397,volume_mute
398,query
399,query
400,addcontact
401,query
402,query
403,definition
404,set
405,audiobook
406,volume_down
407,definition
408,query
409,set
410,podcasts
411,currency
412,sendemail
413,query
414,factoid
415,cleaning
416,query
417,query
418,game
419,music
420,definition
421,set
422,remove
423,set
424,hue_lightchange
425,ticket
426,audiobook
427,query
428,query
429,query
430,query
431,hue_lightdim
432,query
433,query
434,query
435,query
436,query
437,definition
438,createoradd
439,set
440,convert
441,set
442,quirky
443,factoid
444,query
445,sendemail
446,radio
447,volume_up
448,factoid
449,query
450,set
451,definition
452,quirky
453,set
454,query
455,querycontact
456,query
457,query
458,game
459,query
460,music
461,query
462,order
463,set
464,query
465,coffee
466,set
467,music
468,stock
469,query
470,addcontact
471,set
472,query
473,currency
474,events
475,query
476,set
477,sendemail
478,recipe
479,recipe
480,createoradd
481,createoradd
482,recipe
483,music
484,factoid
485,quirky
486,ticket
487,querycontact
488,maths
489,definition
490,query
491,music
492,wemo_on
493,query
494,query
495,query
496,radio
497,radio
498,query
499,query
500,query
501,audiobook
502,query
503,query
504,taxi
505,recipe
506,music
507,query
508,remove
509,currency
510,query
511,game
512,hue_lightoff
513,quirky
514,events
515,query
516,query
517,audiobook
518,podcasts
519,set
520,query
521,query
522,music
523,factoid
524,locations
525,definition
526,query
527,set
528,query
529,factoid
530,query
531,query
532,sendemail
533,factoid
534,events
535,post
536,query
537,createoradd
538,factoid
539,set
540,wemo_off
541,traffic
542,music
543,sendemail
544,currency
545,query
546,set
547,hue_lightup
548,music
549,locations
550,radio
551,stock
552,game
553,likeness
554,radio
555,wemo_on
556,locations
557,locations
558,query
559,currency
560,set
561,quirky
562,remove
563,quirky
564,convert
565,query
566,createoradd
567,sendemail
568,sendemail
569,factoid
570,query
571,order
572,query
573,music
574,sendemail
575,query
576,query
577,post
578,remove
579,music
580,wemo_off
581,joke
582,set
583,factoid
584,query
585,ticket
586,quirky
587,query
588,hue_lightchange
589,query
590,set
591,query
592,query
593,definition
594,sendemail
595,locations
596,likeness
597,hue_lightoff
598,sendemail
599,query
600,order
601,remove
602,locations
603,locations
604,quirky
605,locations
606,radio
607,wemo_off
608,factoid
609,query
610,query
611,music
612,query
613,radio
614,currency
615,remove
616,dislikeness
617,music
618,audiobook
619,hue_lightoff
620,query
621,ticket
622,currency
623,query
624,sendemail
625,recipe
626,sendemail
627,query
628,query
629,query
630,sendemail
631,query
632,greet
633,stock
634,music
635,post
636,query
637,set
638,definition
639,radio
640,hue_lightchange
641,joke
642,query
643,factoid
644,recipe
645,hue_lightdim
646,volume_other
647,ticket
648,query
649,query
650,factoid
651,query
652,set
653,factoid
654,likeness
655,post
656,remove
657,definition
658,music
659,query
660,set
661,set
662,query
663,factoid
664,factoid
665,query
666,createoradd
667,query
668,music
669,post
670,set
671,query
672,quirky
673,query
674,volume_mute
675,querycontact
676,volume_up
677,querycontact
678,definition
679,definition
680,set
681,query
682,query
683,volume_up
684,likeness
685,locations
686,remove
687,likeness
688,query
689,definition
690,factoid
691,query
692,order
693,factoid
694,remove
695,recipe
696,createoradd
697,volume_mute
698,recipe
699,remove
700,factoid
701,definition
702,podcasts
703,wemo_on
704,query
705,query
706,definition
707,quirky
708,query
709,query
710,query
711,music
712,query
713,remove
714,cleaning
715,definition
716,radio
717,query
718,query
719,cleaning
720,set
721,createoradd
722,query
723,music
724,query
725,podcasts
726,convert
727,music
728,set
729,set
730,set
731,volume_mute
732,set
733,remove
734,query
735,query
736,factoid
737,set
738,set
739,recipe
740,query
741,remove
742,query
743,query
744,query
745,query
746,query
747,remove
748,quirky
749,definition
750,factoid
751,set
752,taxi
753,query
754,set
755,recipe
756,query
757,stock
758,query
759,quirky
760,factoid
761,stock
762,music
763,query
764,remove
765,query
766,query
767,query
768,set
769,query
770,query
771,query
772,remove
773,remove
774,factoid
775,definition
776,quirky
777,coffee
778,hue_lightup
779,quirky
780,query
781,factoid
782,set
783,query
784,events
785,query
786,remove
787,definition
788,query
789,quirky
790,query
791,radio
792,order
793,query
794,hue_lightchange
795,query
796,audiobook
797,set
798,locations
799,hue_lightup
800,query
801,ticket
802,query
803,hue_lightoff
804,currency
805,set
806,coffee
807,query
808,query
809,query
810,query
811,podcasts
812,query
813,music
814,query
815,set
816,query
817,set
818,query
819,recipe
820,factoid
821,query
822,query
823,query
824,query
825,set
826,querycontact
827,settings
828,recipe
829,definition
830,post
831,maths
832,query
833,quirky
834,set
835,definition
836,currency
837,hue_lightup
838,query
839,music
840,query
841,factoid
842,query
843,set
844,sendemail
845,set
846,currency
847,query
848,music
849,music
850,query
851,music
852,recipe
853,query
854,query
855,query
856,convert
857,volume_up
858,query
859,query
860,stock
861,recipe
862,quirky
863,music
864,querycontact
865,quirky
866,querycontact
867,remove
868,quirky
869,audiobook
870,query
871,definition
872,query
873,audiobook
874,createoradd
875,quirky
876,radio
877,taxi
878,query
879,query
880,query
881,query
882,radio
883,query
884,set
885,wemo_on
886,query
887,query
888,query
889,wemo_off
890,set
891,volume_mute
892,sendemail
893,set
894,hue_lightoff
895,query
896,query
897,query
898,volume_up
899,settings
900,query
901,query
902,wemo_off
903,recipe
904,recipe
905,order
906,quirky
907,ticket
908,music
909,stock
910,joke
911,query
912,querycontact
913,music
914,remove
915,hue_lightchange
916,radio
917,music
918,volume_up
919,quirky
920,query
921,query
922,query
923,traffic
924,query
925,radio
926,hue_lightdim
927,set
928,sendemail
929,set
930,radio
931,recipe
932,set
933,volume_up
934,query
935,currency
936,query
937,remove
938,recipe
939,quirky
940,query
941,set
942,recipe
943,quirky
944,locations
945,set
946,remove
947,query
948,events
949,hue_lightchange
950,radio
951,podcasts
952,recipe
953,music
954,query
955,radio
956,query
957,convert
958,query
959,definition
960,addcontact
961,querycontact
962,stock
963,query
964,ticket
965,traffic
966,radio
967,factoid
968,post
969,music
970,query
971,quirky
972,hue_lightoff
973,maths
974,set
975,hue_lightchange
976,music
977,set
978,query
979,definition
980,remove
981,query
982,hue_lightchange
983,set
984,factoid
985,query
986,addcontact
987,settings
988,coffee
989,querycontact
990,radio
991,factoid
992,query
993,query
994,hue_lightdim
995,createoradd
996,query
997,query
998,factoid
999,set
1000,query
1001,quirky
1002,set
1003,createoradd
1004,radio
1005,radio
1006,locations
1007,quirky
1008,query
1009,quirky
1010,music
1011,maths
1012,hue_lightup
1013,movies
1014,query
1015,quirky
1016,query
1017,sendemail
1018,query
1019,post
1020,sendemail
1021,set
1022,query
1023,query
1024,remove
1025,volume_mute
1026,wemo_on
1027,query
1028,set
1029,post
1030,query
1031,sendemail
1032,query
1033,quirky
1034,query
1035,query
1036,factoid
1037,query
1038,quirky
1039,hue_lightoff
1040,set
1041,radio
1042,locations
1043,sendemail
1044,music
1045,query
1046,currency
1047,query
1048,post
1049,query
1050,factoid
1051,events
1052,cleaning
1053,set
1054,query
1055,factoid
1056,query
1057,remove
1058,set
1059,movies
1060,factoid
1061,query
1062,query
1063,factoid
1064,query
1065,quirky
1066,maths
1067,currency
1068,query
1069,sendemail
1070,quirky
1071,hue_lightchange
1072,query
1073,set
1074,music
1075,wemo_off
1076,post
1077,query
1078,traffic
1079,query
1080,dislikeness
1081,definition
1082,order
1083,podcasts
1084,query
1085,music
1086,podcasts
1087,post
1088,podcasts
1089,music
1090,query
1091,query
1092,traffic
1093,remove
1094,quirky
1095,query
1096,remove
1097,radio
1098,set
1099,query
1100,querycontact
1101,sendemail
1102,query
1103,sendemail
1104,query
1105,game
1106,query
1107,music
1108,query
1109,definition
1110,cleaning
1111,podcasts
1112,remove
1113,sendemail
1114,taxi
1115,query
1116,music
1117,query
1118,set
1119,query
1120,remove
1121,sendemail
1122,ticket
1123,set
1124,set
1125,music
1126,podcasts
1127,quirky
1128,game
1129,traffic
1130,query
1131,music
1132,quirky
1133,query
1134,set
1135,locations
1136,factoid
1137,set
1138,set
1139,query
1140,hue_lightoff
1141,hue_lightoff
1142,query
1143,cleaning
1144,locations
1145,query
1146,set
1147,set
1148,cleaning
1149,factoid
1150,cleaning
1151,hue_lighton
1152,post
1153,set
1154,quirky
1155,query
1156,stock
1157,game
1158,hue_lightoff
1159,events
1160,movies
1161,radio
1162,music
1163,volume_up
1164,createoradd
1165,music
1166,query
1167,remove
1168,query
1169,query
1170,definition
1171,music
1172,order
1173,set
1174,taxi
1175,query
1176,query
1177,query
1178,hue_lightdim
1179,stock
1180,remove
1181,settings
1182,createoradd
1183,ticket
1184,coffee
1185,music
1186,query
1187,post
1188,query
1189,factoid
1190,volume_down
1191,query
1192,query
1193,query
1194,audiobook
1195,podcasts
1196,taxi
1197,query
1198,post
1199,currency
1200,music
1201,recipe
1202,quirky
1203,music
1204,query
1205,factoid
1206,set
1207,recipe
1208,query
1209,query
1210,query
1211,movies
1212,volume_up
1213,factoid
1214,recipe
1215,quirky
1216,hue_lightoff
1217,sendemail
1218,sendemail
1219,query
1220,query
1221,set
1222,sendemail
1223,audiobook
1224,query
1225,query
1226,query
1227,hue_lightchange
1228,quirky
1229,createoradd
1230,query
1231,set
1232,taxi
1233,set
1234,query
1235,joke
1236,query
1237,recipe
1238,query
1239,query
1240,maths
1241,set
1242,quirky
1243,query
1244,set
1245,factoid
1246,query
1247,query
1248,query
1249,set
1250,quirky
1251,radio
1252,query
1253,traffic
1254,stock
1255,factoid
1256,traffic
1257,post
1258,query
1259,set
1260,query
1261,quirky
1262,stock
1263,remove
1264,query
1265,remove
1266,query
1267,podcasts
1268,definition
1269,query
1270,set
1271,set
1272,remove
1273,query
1274,set
1275,quirky
1276,query
1277,quirky
1278,order
1279,movies
1280,query
1281,createoradd
1282,set
1283,query
1284,query
1285,order
1286,query
1287,quirky
1288,set
1289,game
1290,set
1291,query
1292,query
1293,quirky
1294,post
1295,addcontact
1296,quirky
1297,query
1298,factoid
1299,definition
1300,factoid
1301,events
1302,volume_down
1303,query
1304,sendemail
1305,createoradd
1306,post
1307,query
1308,query
1309,createoradd
1310,stock
1311,set
1312,locations
1313,query
1314,quirky
1315,stock
1316,radio
1317,currency
1318,query
1319,query
1320,query
1321,query
1322,set
1323,query
1324,movies
1325,set
1326,factoid
1327,query
1328,set
1329,cleaning
1330,query
1331,audiobook
1332,quirky
1333,locations
1334,set
1335,query
1336,query
1337,query
1338,query
1339,definition
1340,querycontact
1341,querycontact
1342,query
1343,query
1344,locations
1345,music
1346,query
1347,set
1348,cleaning
1349,hue_lightoff
1350,game
1351,createoradd
1352,remove
1353,wemo_off
1354,settings
1355,wemo_off
1356,query
1357,events
1358,quirky
1359,order
1360,query
1361,music
1362,events
1363,podcasts
1364,music
1365,query
1366,audiobook
1367,query
1368,coffee
1369,query
1370,music
1371,music
1372,recipe
1373,set
1374,recipe
1375,audiobook
1376,audiobook
1377,convert
1378,recipe
1379,radio
1380,recipe
1381,set
1382,music
1383,query
1384,hue_lightoff
1385,query
1386,set
1387,query
1388,query
1389,hue_lightdim
1390,query
1391,set
1392,set
1393,set
1394,query
1395,hue_lightchange
1396,cleaning
1397,query
1398,definition
1399,query
1400,order
1401,likeness
1402,taxi
1403,set
1404,quirky
1405,query
1406,query
1407,set
1408,quirky
1409,query
1410,cleaning
1411,maths
1412,quirky
1413,music
1414,definition
1415,query
1416,query
1417,sendemail
1418,query
1419,query
1420,recipe
1421,set
1422,query
1423,query
1424,radio
1425,query
1426,set
1427,hue_lightchange
1428,currency
1429,locations
1430,query
1431,query
1432,definition
1433,coffee
1434,volume_up
1435,recipe
1436,ticket
1437,recipe
1438,query
1439,recipe
1440,cleaning
1441,sendemail
1442,set
1443,query
1444,querycontact
1445,post
1446,createoradd
1447,set
1448,hue_lightdim
1449,recipe
1450,volume_mute
1451,query
1452,query
1453,maths
1454,query
1455,music
1456,movies
1457,query
1458,ticket
1459,query
1460,sendemail
1461,query
1462,sendemail
1463,query
1464,audiobook
1465,sendemail
1466,game
1467,definition
1468,query
1469,music
1470,query
1471,post
1472,radio
1473,order
1474,createoradd
1475,query
1476,query
1477,quirky
1478,quirky
1479,set
1480,sendemail
1481,audiobook
1482,query
1483,query
1484,recipe
1485,hue_lightchange
1486,query
1487,volume_mute
1488,query
1489,set
1490,query
1491,query
1492,set
1493,ticket
1494,query
1495,stock
1496,coffee
1497,hue_lighton
1498,game
1499,query
1500,query
1501,events
1502,quirky
1503,query
1504,hue_lightdim
1505,wemo_on
1506,query
1507,query
1508,taxi
1509,set
1510,music
1511,ticket
1512,quirky
1513,query
1514,query
1515,set
1516,query
1517,factoid
1518,order
1519,hue_lightoff
1520,quirky
1521,cleaning
1522,maths
1523,query
1524,post
1525,stock
1526,podcasts
1527,query
1528,query
1529,query
1530,query
1531,querycontact
1532,music
1533,radio
1534,sendemail
1535,volume_mute
1536,query
1537,query
1538,volume_mute
1539,hue_lighton
1540,maths
1541,hue_lightoff
1542,set
1543,remove
1544,hue_lightoff
1545,remove
1546,query
1547,createoradd
1548,query
1549,currency
1550,wemo_off
1551,post
1552,set
1553,query
1554,query
1555,podcasts
1556,remove
1557,query
1558,query
1559,set
1560,factoid
1561,remove
1562,volume_down
1563,sendemail
1564,stock
1565,quirky
1566,query
1567,definition
1568,query
1569,set
1570,factoid
1571,query
1572,quirky
1573,definition
1574,currency
1575,query
1576,set
1577,music
1578,factoid
1579,hue_lightup
1580,quirky
1581,query
1582,query
1583,game
1584,query
1585,order
1586,radio
1587,set
1588,music
1589,music
1590,set
1591,query
1592,query
1593,music
1594,likeness
1595,remove
1596,query
1597,quirky
1598,locations
1599,maths
1600,query
1601,joke
1602,likeness
1603,sendemail
1604,remove
1605,query
1606,taxi
1607,radio
1608,query
1609,quirky
1610,post
1611,volume_down
1612,query
1613,sendemail
1614,volume_down
1615,createoradd
1616,maths
1617,stock
1618,music
1619,query
1620,remove
1621,addcontact
1622,definition
1623,volume_mute
1624,recipe
1625,query
1626,query
1627,podcasts
1628,set
1629,set
1630,query
1631,query
1632,sendemail
1633,volume_mute
1634,movies
1635,remove
1636,hue_lightoff
1637,ticket
1638,radio
1639,music
1640,query
1641,query
1642,set
1643,quirky
1644,quirky
1645,query
1646,remove
1647,query
1648,query
1649,query
1650,stock
1651,query
1652,set
1653,music
1654,factoid
1655,set
1656,audiobook
1657,createoradd
1658,set
1659,set
1660,radio
1661,set
1662,currency
1663,currency
1664,volume_up
1665,radio
1666,query
1667,events
1668,query
1669,query
1670,radio
1671,order
1672,post
1673,music
1674,radio
1675,maths
1676,query
1677,order
1678,quirky
1679,query
1680,factoid
1681,set
1682,hue_lightchange
1683,query
1684,query
1685,sendemail
1686,query
1687,likeness
1688,definition
1689,remove
1690,set
1691,cleaning
1692,query
1693,music
1694,locations
1695,query
1696,volume_mute
1697,query
1698,set
1699,query
1700,definition
1701,query
1702,query
1703,quirky
1704,query
1705,radio
1706,music
1707,ticket
1708,post
1709,querycontact
1710,query
1711,radio
1712,set
1713,hue_lightchange
1714,maths
1715,query
1716,movies
1717,stock
1718,likeness
1719,hue_lightdim
1720,query
1721,maths
1722,query
1723,order
1724,settings
1725,maths
1726,music
1727,definition
1728,query
1729,query
1730,traffic
1731,factoid
1732,currency
1733,post
1734,factoid
1735,query
1736,music
1737,query
1738,radio
1739,query
1740,set
1741,remove
1742,game
1743,set
1744,sendemail
1745,query
1746,query
1747,factoid
1748,query
1749,set
1750,coffee
1751,recipe
1752,factoid
1753,remove
1754,set
1755,game
1756,query
1757,query
1758,quirky
1759,quirky
1760,set
1761,query
1762,locations
1763,quirky
1764,querycontact
1765,query
1766,query
1767,query
1768,sendemail
1769,radio
1770,music
1771,query
1772,query
1773,taxi
1774,locations
1775,locations
1776,recipe
1777,factoid
1778,query
1779,volume_mute
1780,query
1781,maths
1782,query
1783,createoradd
1784,currency
1785,set
1786,quirky
1787,remove
1788,factoid
1789,remove
1790,currency
1791,factoid
1792,query
1793,query
1794,factoid
1795,events
1796,quirky
1797,sendemail
1798,events
1799,query
1800,stock
1801,sendemail
1802,maths
1803,podcasts
1804,set
1805,remove
1806,factoid
1807,query
1808,podcasts
1809,radio
1810,hue_lightchange
1811,hue_lightup
1812,volume_down
1813,set
1814,query
1815,query
1816,query
1817,query
1818,quirky
1819,query
1820,volume_mute
1821,music
1822,query
1823,remove
1824,querycontact
1825,query
1826,order
1827,likeness
1828,music
1829,query
1830,query
1831,set
1832,hue_lightup
1833,set
1834,music
1835,set
1836,set
1837,volume_down
1838,set
1839,recipe
1840,query
1841,query
1842,query
1843,movies
1844,set
1845,query
1846,factoid
1847,events
1848,query
1849,recipe
1850,query
1851,remove
1852,query
1853,factoid
1854,hue_lightoff
1855,quirky
1856,query
1857,podcasts
1858,ticket
1859,audiobook
1860,music
1861,remove
1862,set
1863,set
1864,set
1865,query
1866,query
1867,set
1868,music
1869,query
1870,query
1871,query
1872,music
1873,set
1874,query
1875,recipe
1876,factoid
1877,set
1878,factoid
1879,query
1880,music
1881,definition
1882,query
1883,factoid
1884,podcasts
1885,query
1886,radio
1887,factoid
1888,radio
1889,sendemail
1890,factoid
1891,game
1892,query
1893,query
1894,query
1895,joke
1896,locations
1897,ticket
1898,podcasts
1899,set
1900,query
1901,locations
1902,currency
1903,querycontact
1904,query
1905,set
1906,volume_down
1907,query
1908,factoid
1909,query
1910,recipe
1911,events
1912,game
1913,recipe
1914,query
1915,querycontact
1916,quirky
1917,likeness
1918,query
1919,stock
1920,joke
1921,traffic
1922,query
1923,hue_lightchange
1924,game
1925,query
1926,quirky
1927,query
1928,likeness
1929,query
1930,audiobook
1931,factoid
1932,factoid
1933,set
1934,remove
1935,music
1936,query
1937,podcasts
1938,ticket
1939,query
1940,query
1941,query
1942,query
1943,locations
1944,currency
1945,query
1946,query
1947,audiobook
1948,quirky
1949,query
1950,query
1951,query
1952,query
1953,game
1954,factoid
1955,sendemail
1956,query
1957,post
1958,music
1959,definition
1960,query
1961,post
1962,sendemail
1963,stock
1964,traffic
1965,query
1966,set
1967,hue_lightup
1968,query
1969,order
1970,post
1971,factoid
1972,query
1973,remove
1974,quirky
1975,remove
1976,query
1977,query
1978,query
1979,factoid
1980,podcasts
1981,locations
1982,post
1983,events
1984,hue_lightchange
1985,query
1986,hue_lightoff
1987,quirky
1988,quirky
1989,remove
1990,query
1991,locations
1992,music
1993,remove
1994,hue_lightchange
1995,settings
1996,query
1997,podcasts
1998,hue_lightoff
1999,likeness
2000,events
2001,query
2002,post
2003,query
2004,query
2005,post
2006,currency
2007,definition
2008,wemo_on
2009,query
2010,convert
2011,query
2012,ticket
2013,query
2014,quirky
2015,hue_lighton
2016,query
2017,currency
2018,quirky
2019,createoradd
2020,factoid
2021,quirky
2022,sendemail
2023,query
2024,events
2025,query
2026,events
2027,coffee
2028,convert
2029,set
2030,set
2031,coffee
2032,query
2033,query
2034,query
2035,likeness
2036,query
2037,query
2038,query
2039,order
2040,music
2041,query
2042,factoid
2043,remove
2044,convert
2045,remove
2046,query
2047,quirky
2048,hue_lightoff
2049,traffic
2050,query
2051,quirky
2052,factoid
2053,createoradd
2054,query
2055,likeness
2056,post
2057,query
2058,query
2059,sendemail
2060,query
2061,podcasts
2062,definition
2063,sendemail
2064,remove
2065,query
2066,createoradd
2067,query
2068,query
2069,traffic
2070,recipe
2071,query
2072,query
2073,podcasts
2074,sendemail
2075,events
2076,query
2077,query
2078,quirky
2079,volume_mute
2080,set
2081,query
2082,coffee
2083,hue_lightup
2084,query
2085,likeness
2086,quirky
2087,query
2088,sendemail
2089,taxi
2090,likeness
2091,definition
2092,query
2093,set
2094,sendemail
2095,query
2096,query
2097,query
2098,definition
2099,events
2100,query
2101,query
2102,querycontact
2103,query
2104,query
2105,query
2106,music
2107,podcasts
2108,factoid
2109,query
2110,query
2111,order
2112,remove
2113,query
2114,likeness
2115,music
2116,hue_lightoff
2117,hue_lightoff
2118,stock
2119,sendemail
2120,hue_lightoff
2121,query
2122,factoid
2123,query
2124,audiobook
2125,query
2126,query
2127,query
2128,post
2129,query
2130,query
2131,volume_mute
2132,querycontact
2133,remove
2134,sendemail
2135,recipe
2136,query
2137,query
2138,post
2139,query
2140,query
2141,query
2142,query
2143,query
2144,set
2145,factoid
2146,factoid
2147,query
2148,query
2149,volume_up
2150,set
2151,radio
2152,query
2153,hue_lightup
2154,ticket
2155,post
2156,query
2157,set
2158,set
2159,query
2160,set
2161,query
2162,query
2163,createoradd
2164,query
2165,remove
2166,query
2167,factoid
2168,set
2169,likeness
2170,query
2171,currency
2172,set
2173,sendemail
2174,locations
2175,factoid
2176,query
2177,locations
2178,query
2179,set
2180,order
2181,recipe
2182,post
2183,set
2184,remove
2185,query
2186,likeness
2187,query
2188,query
2189,query
2190,factoid
2191,query
2192,remove
2193,hue_lightchange
2194,currency
2195,remove
2196,audiobook
2197,remove
2198,remove
2199,sendemail
2200,quirky
2201,post
2202,factoid
2203,remove
2204,set
2205,music
2206,query
2207,music
2208,music
2209,query
2210,quirky
2211,factoid
2212,currency
2213,set
2214,music
2215,set
2216,factoid
2217,radio
2218,recipe
2219,music
2220,currency
2221,game
2222,query
2223,music
2224,coffee
2225,set
2226,sendemail
2227,factoid
2228,query
2229,maths
2230,query
2231,query
2232,factoid
2233,quirky
2234,query
2235,query
2236,taxi
2237,query
2238,quirky
2239,set
2240,query
2241,query
2242,set
2243,locations
2244,query
2245,query
2246,sendemail
2247,radio
2248,recipe
2249,coffee
2250,recipe
2251,music
2252,query
2253,remove
2254,set
2255,query
2256,factoid
2257,music
2258,querycontact
2259,music
2260,query
2261,query
2262,set
2263,maths
2264,query
2265,query
2266,music
2267,query
2268,query
2269,sendemail
2270,definition
2271,query
2272,remove
2273,cleaning
2274,hue_lightchange
2275,cleaning
2276,remove
2277,music
2278,hue_lightchange
2279,events
2280,recipe
2281,radio
2282,music
2283,query
2284,events
2285,query
2286,remove
2287,query
2288,query
2289,query
2290,createoradd
2291,coffee
2292,query
2293,query
2294,locations
2295,query
2296,set
2297,podcasts
2298,query
2299,music
2300,volume_down
2301,remove
2302,set
2303,music
2304,coffee
2305,taxi
2306,quirky
2307,locations
2308,query
2309,audiobook
2310,maths
2311,quirky
2312,remove
2313,music
2314,set
2315,query
2316,sendemail
2317,sendemail
2318,radio
2319,volume_mute
2320,createoradd
2321,factoid
2322,query
2323,query
2324,radio
2325,set
2326,events
2327,query
2328,podcasts
2329,post
2330,music
2331,recipe
2332,locations
2333,joke
2334,factoid
2335,quirky
2336,set
2337,hue_lightchange
2338,volume_up
2339,query
2340,radio
2341,query
2342,query
2343,query
2344,recipe
2345,query
2346,query
2347,sendemail
2348,set
2349,query
2350,query
2351,sendemail
2352,set
2353,remove
2354,query
2355,query
2356,query
2357,query
2358,factoid
2359,query
2360,game
2361,order
2362,query
2363,maths
2364,set
2365,currency
2366,hue_lightup
2367,factoid
2368,remove
2369,hue_lightoff
2370,query
2371,query
2372,game
2373,sendemail
2374,events
2375,query
2376,remove
2377,sendemail
2378,music
2379,audiobook
2380,recipe
2381,set
2382,query
2383,query
2384,sendemail
2385,podcasts
2386,query
2387,query
2388,querycontact
2389,query
2390,query
2391,set
2392,query
2393,set
2394,post
2395,order
2396,query
2397,quirky
2398,factoid
2399,query
2400,definition
2401,set
2402,radio
2403,query
2404,sendemail
2405,movies
2406,createoradd
2407,factoid
2408,set
2409,radio
2410,hue_lightup
2411,music
2412,remove
2413,events
2414,query
2415,query
2416,sendemail
2417,query
2418,query
2419,query
2420,query
2421,game
2422,music
2423,stock
2424,set
2425,query
2426,quirky
2427,set
2428,sendemail
2429,set
2430,post
2431,set
2432,query
2433,traffic
2434,coffee
2435,query
2436,factoid
2437,query
2438,query
2439,sendemail
2440,query
2441,joke
2442,likeness
2443,likeness
2444,remove
2445,music
2446,podcasts
2447,set
2448,query
2449,query
2450,radio
2451,query
2452,music
2453,query
2454,query
2455,wemo_on
2456,set
2457,set
2458,set
2459,factoid
2460,factoid
2461,post
2462,createoradd
2463,query
2464,stock
2465,query
2466,joke
2467,quirky
2468,set
2469,query
2470,currency
2471,hue_lightup
2472,post
2473,music
2474,remove
2475,remove
2476,query
2477,coffee
2478,taxi
2479,cleaning
2480,podcasts
2481,music
2482,query
2483,likeness
2484,set
2485,audiobook
2486,post
2487,query
2488,query
2489,remove
2490,music
2491,settings
2492,game
2493,set
2494,query
2495,quirky
2496,joke
2497,taxi
2498,query
2499,quirky
2500,currency
2501,post
2502,query
2503,definition
2504,query
2505,hue_lightup
2506,wemo_off
2507,quirky
2508,query
2509,set
2510,radio
2511,hue_lightchange
2512,ticket
2513,quirky
2514,game
2515,remove
2516,music
2517,set
2518,recipe
2519,query
2520,set
2521,remove
2522,recipe
2523,likeness
2524,query
2525,query
2526,query
2527,factoid
2528,definition
2529,coffee
2530,remove
2531,volume_mute
2532,podcasts
2533,query
2534,music
2535,music
2536,quirky
2537,quirky
2538,sendemail
2539,query
2540,query
2541,wemo_off
2542,sendemail
2543,query
2544,query
2545,factoid
2546,definition
2547,query
2548,locations
2549,query
2550,podcasts
2551,query
2552,remove
2553,query
2554,query
2555,set
2556,query
2557,query
2558,definition
2559,music
2560,music
2561,remove
2562,query
2563,set
2564,podcasts
2565,sendemail
2566,set
2567,query
2568,set
2569,hue_lightdim
2570,definition
2571,locations
2572,set
2573,currency
2574,definition
2575,music
2576,query
2577,stock
2578,set
2579,query
2580,radio
2581,factoid
2582,radio
2583,radio
2584,query
2585,sendemail
2586,query
2587,recipe
2588,ticket
2589,query
2590,query
2591,music
2592,definition
2593,stock
2594,cleaning
2595,query
2596,query
2597,coffee
2598,quirky
2599,likeness
2600,set
2601,audiobook
2602,podcasts
2603,hue_lightup
2604,post
2605,query
2606,query
2607,music
2608,query
2609,query
2610,query
2611,factoid
2612,query
2613,query
2614,hue_lightdim
2615,query
2616,wemo_on
2617,recipe
2618,query
2619,query
2620,radio
2621,set
2622,audiobook
2623,query
2624,query
2625,query
2626,hue_lightup
2627,music
2628,query
2629,cleaning
2630,set
2631,quirky
2632,query
2633,query
2634,music
2635,cleaning
2636,quirky
2637,factoid
2638,remove
2639,remove
2640,query
2641,likeness
2642,wemo_on
2643,query
2644,definition
2645,locations
2646,taxi
2647,sendemail
2648,set
2649,query
2650,quirky
2651,dislikeness
2652,set
2653,hue_lightchange
2654,query
2655,remove
2656,query
2657,taxi
2658,game
2659,post
2660,query
2661,set
2662,music
2663,query
2664,likeness
2665,query
2666,currency
2667,hue_lightdim
2668,quirky
2669,volume_mute
2670,hue_lightchange
2671,query
2672,wemo_off
2673,set
2674,hue_lightup
2675,set
2676,settings
2677,hue_lightdim
2678,quirky
2679,query
2680,query
2681,radio
2682,query
2683,quirky
2684,factoid
2685,post
2686,music
2687,query
2688,recipe
2689,joke
2690,query
2691,query
2692,query
2693,query
2694,remove
2695,hue_lightchange
2696,locations
2697,sendemail
2698,remove
2699,coffee
2700,hue_lightchange
2701,music
2702,quirky
2703,set
2704,sendemail
2705,query
2706,ticket
2707,audiobook
2708,query
2709,factoid
2710,podcasts
2711,recipe
2712,definition
2713,music
2714,stock
2715,query
2716,recipe
2717,quirky
2718,set
2719,post
2720,hue_lightdim
2721,query
2722,query
2723,remove
2724,podcasts
2725,query
2726,coffee
2727,query
2728,query
2729,hue_lightoff
2730,currency
2731,definition
2732,query
2733,query
2734,query
2735,audiobook
2736,query
2737,query
2738,query
2739,cleaning
2740,order
2741,query
2742,audiobook
2743,query
2744,query
2745,order
2746,coffee
2747,query
2748,locations
2749,factoid
2750,query
2751,factoid
2752,query
2753,query
2754,query
2755,query
2756,querycontact
2757,query
2758,stock
2759,volume_mute
2760,query
2761,query
2762,recipe
2763,query
2764,query
2765,remove
2766,radio
2767,sendemail
2768,music
2769,volume_down
2770,query
2771,query
2772,currency
2773,order
2774,audiobook
2775,remove
2776,factoid
2777,remove
2778,query
2779,locations
2780,hue_lightdim
2781,set
2782,volume_mute
2783,query
2784,set
2785,locations
2786,createoradd
2787,set
2788,query
2789,query
2790,quirky
2791,query
2792,currency
2793,hue_lightoff
2794,recipe
2795,query
2796,query
2797,taxi
2798,addcontact
2799,music
2800,post
2801,hue_lightchange
2802,query
2803,query
2804,sendemail
2805,currency
2806,query
2807,set
2808,sendemail
2809,convert
2810,query
2811,query
2812,query
2813,query
2814,query
2815,set
2816,query
2817,query
2818,query
2819,factoid
2820,traffic
2821,set
2822,set
2823,query
2824,likeness
2825,query
2826,query
2827,query
2828,radio
2829,query
2830,query
2831,hue_lightchange
2832,currency
2833,query
2834,query
2835,game
2836,set
2837,hue_lightchange
2838,recipe
2839,query
2840,sendemail
2841,ticket
2842,set
2843,set
2844,sendemail
2845,querycontact
2846,query
2847,audiobook
2848,hue_lightchange
2849,set
2850,querycontact
2851,query
2852,factoid
2853,query
2854,cleaning
2855,traffic
2856,recipe
2857,query
2858,post
2859,query
2860,remove
2861,wemo_on
2862,factoid
2863,query
2864,factoid
2865,query
2866,definition
2867,query
2868,game
2869,query
2870,convert
2871,audiobook
2872,query
2873,set
2874,quirky
2875,query
2876,taxi
2877,music
2878,hue_lightoff
2879,query
2880,remove
2881,factoid
2882,music
2883,set
2884,query
2885,quirky
2886,query
2887,createoradd
2888,query
2889,maths
2890,remove
2891,post
2892,set
2893,music
2894,query
2895,quirky
2896,music
2897,query
2898,quirky
2899,set
2900,query
2901,query
2902,query
2903,query
2904,query
2905,query
2906,query
2907,set
2908,currency
2909,ticket
2910,quirky
2911,query
2912,definition
2913,query
2914,traffic
2915,traffic
2916,music
2917,createoradd
2918,radio
2919,set
2920,remove
2921,audiobook
2922,query
2923,stock
2924,query
2925,query
2926,query
2927,set
2928,post
2929,set
2930,factoid
2931,definition
2932,query
2933,query
2934,radio
2935,quirky
2936,definition
2937,post
2938,query
2939,query
2940,convert
2941,hue_lightoff
2942,query
2943,remove
2944,post
2945,likeness
2946,query
2947,query
2948,query
2949,set
2950,quirky
2951,remove
2952,recipe
2953,factoid
2954,query
2955,wemo_on
2956,quirky
2957,sendemail
2958,query
2959,coffee
2960,querycontact
2961,locations
2962,settings
2963,currency
2964,maths
2965,set
2966,query
2967,query
2968,query
2969,quirky
2970,remove
2971,coffee
2972,hue_lightchange
2973,query
2974,query
2975,music
2976,addcontact
2977,radio
2978,query
2979,quirky
2980,factoid
2981,sendemail
2982,query
2983,recipe
2984,factoid
2985,music
2986,query
2987,music
2988,events
2989,hue_lightoff
2990,factoid
2991,factoid
2992,query
2993,traffic
2994,quirky
2995,currency
2996,factoid
2997,query
2998,query
2999,query
3000,sendemail
3001,query
3002,sendemail
3003,recipe
3004,maths
3005,events
3006,query
3007,set
3008,definition
3009,query
3010,music
3011,music
3012,maths
3013,querycontact
3014,factoid
3015,query
3016,hue_lightdim
3017,remove
3018,music
3019,createoradd
3020,remove
3021,radio
3022,convert
3023,set
3024,createoradd
3025,factoid
3026,music
3027,quirky
3028,remove
3029,query
3030,query
3031,query
3032,set
3033,query
3034,query
3035,radio
3036,volume_up
3037,query
3038,query
3039,set
3040,sendemail
3041,podcasts
3042,podcasts
3043,query
3044,query
3045,sendemail
3046,query
3047,query
3048,query
3049,currency
3050,game
3051,query
3052,query
3053,music
3054,sendemail
3055,quirky
3056,quirky
3057,recipe
3058,quirky
3059,traffic
3060,set
3061,game
3062,game
3063,query
3064,radio
3065,query
3066,factoid
3067,music
3068,query
3069,order
3070,definition
3071,set
3072,radio
3073,currency
3074,quirky
3075,query
3076,events
3077,query
3078,set
3079,query
3080,maths
3081,query
3082,factoid
3083,query
3084,query
3085,music
3086,music
3087,querycontact
3088,query
3089,remove
3090,set
3091,music
3092,query
3093,query
3094,music
3095,volume_up
3096,remove
3097,query
3098,currency
3099,querycontact
3100,currency
3101,traffic
3102,music
3103,quirky
3104,set
3105,hue_lightchange
3106,set
3107,volume_up
3108,quirky
3109,quirky
3110,remove
3111,query
3112,set
3113,query
3114,set
3115,maths
3116,order
3117,hue_lightdim
3118,likeness
3119,game
3120,remove
3121,coffee
3122,recipe
3123,definition
3124,game
3125,recipe
3126,wemo_on
3127,set
3128,post
3129,radio
3130,sendemail
3131,set
3132,music
3133,query
3134,sendemail
3135,factoid
3136,remove
3137,definition
3138,taxi
3139,factoid
3140,volume_up
3141,query
3142,remove
3143,locations
3144,quirky
3145,recipe
3146,remove
3147,game
3148,query
3149,coffee
3150,query
3151,order
3152,factoid
3153,sendemail
3154,music
3155,music
3156,set
3157,set
3158,factoid
3159,remove
3160,order
3161,ticket
3162,set
3163,remove
3164,traffic
3165,query
3166,events
3167,query
3168,query
3169,podcasts
3170,query
3171,set
3172,query
3173,factoid
3174,query
3175,taxi
3176,post
3177,music
3178,query
3179,stock
3180,query
3181,query
3182,createoradd
3183,hue_lightoff
3184,audiobook
3185,post
3186,radio
3187,query
3188,volume_mute
3189,traffic
3190,remove
3191,query
3192,settings
3193,quirky
3194,query
3195,events
3196,quirky
3197,music
3198,query
3199,quirky
3200,query
3201,currency
3202,post
3203,query
3204,query
3205,recipe
3206,volume_up
3207,remove
3208,joke
3209,stock
3210,query
3211,createoradd
3212,query
3213,music
3214,set
3215,cleaning
3216,query
3217,music
3218,query
3219,post
3220,query
3221,factoid
3222,query
3223,post
3224,query
3225,volume_down
3226,query
3227,query
3228,sendemail
3229,query
3230,query
3231,query
3232,query
3233,query
3234,joke
3235,ticket
3236,quirky
3237,set
3238,volume_up
3239,querycontact
3240,remove
3241,query
3242,coffee
3243,currency
3244,query
3245,remove
3246,factoid
3247,query
3248,factoid
3249,query
3250,music
3251,music
3252,query
3253,remove
3254,createoradd
3255,music
3256,music
3257,query
3258,music
3259,addcontact
3260,order
3261,set
3262,hue_lightoff
3263,query
3264,query
3265,factoid
3266,events
3267,query
3268,hue_lightchange
3269,query
3270,definition
3271,currency
3272,definition
3273,music
3274,coffee
3275,hue_lightchange
3276,game
3277,taxi
3278,quirky
3279,query
3280,cleaning
3281,querycontact
3282,query
3283,traffic
3284,settings
3285,maths
3286,maths
3287,maths
3288,audiobook
3289,recipe
3290,taxi
3291,createoradd
3292,set
3293,events
3294,query
3295,music
3296,query
3297,ticket
3298,audiobook
3299,music
3300,quirky
3301,query
3302,query
3303,post
3304,set
3305,query
3306,post
3307,query
3308,query
3309,post
3310,hue_lightchange
3311,remove
3312,remove
3313,query
3314,set
3315,query
3316,maths
3317,music
3318,query
3319,createoradd
3320,quirky
3321,set
3322,query
3323,taxi
3324,sendemail
3325,querycontact
3326,order
3327,query
3328,definition
3329,definition
3330,music
3331,factoid
3332,music
3333,quirky
3334,set
3335,music
3336,order
3337,query
3338,set
3339,post
3340,joke
3341,query
3342,music
3343,addcontact
3344,joke
3345,radio
3346,sendemail
3347,query
3348,query
3349,set
3350,query
3351,factoid
3352,hue_lighton
3353,quirky
3354,remove
3355,quirky
3356,joke
3357,query
3358,music
3359,post
3360,query
3361,remove
3362,query
3363,music
3364,query
3365,quirky
3366,query
3367,stock
3368,query
3369,set
3370,order
3371,definition
3372,locations
3373,set
3374,movies
3375,remove
3376,hue_lightdim
3377,taxi
3378,locations
3379,maths
3380,query
3381,volume_mute
3382,query
3383,music
3384,radio
3385,hue_lightoff
3386,query
3387,query
3388,radio
3389,querycontact
3390,query
3391,game
3392,query
3393,sendemail
3394,post
3395,query
3396,recipe
3397,query
3398,remove
3399,music
3400,set
3401,set
3402,ticket
3403,query
3404,remove
3405,query
3406,movies
3407,quirky
3408,currency
3409,remove
3410,factoid
3411,audiobook
3412,query
3413,query
3414,joke
3415,query
3416,radio
3417,music
3418,quirky
3419,order
3420,query
3421,query
3422,query
3423,remove
3424,query
3425,definition
3426,movies
3427,events
3428,currency
3429,addcontact
3430,factoid
3431,post
3432,remove
3433,query
3434,game
3435,traffic
3436,quirky
3437,query
3438,remove
3439,currency
3440,query
3441,music
3442,post
3443,podcasts
3444,query
3445,query
3446,music
3447,events
3448,createoradd
3449,recipe
3450,query
3451,movies
3452,set
3453,music
3454,ticket
3455,ticket
3456,query
3457,factoid
3458,query
3459,remove
3460,remove
3461,query
3462,query
3463,query
3464,sendemail
3465,currency
3466,stock
3467,query
3468,query
3469,query
3470,query
3471,query
3472,query
3473,hue_lightup
3474,query
3475,query
3476,factoid
3477,factoid
3478,query
3479,factoid
3480,query
3481,query
3482,definition
3483,createoradd
3484,set
3485,query
3486,query
3487,currency
3488,factoid
3489,music
3490,hue_lightchange
3491,music
3492,remove
3493,query
3494,game
3495,maths
3496,music
3497,set
3498,query
3499,query
3500,stock
3501,wemo_off
3502,recipe
3503,query
3504,addcontact
3505,set
3506,currency
3507,query
3508,stock
3509,radio
3510,set
3511,query
3512,query
3513,sendemail
3514,definition
3515,hue_lightchange
3516,set
3517,query
3518,query
3519,coffee
3520,quirky
3521,post
3522,factoid
3523,sendemail
3524,query
3525,events
3526,query
3527,query
3528,quirky
3529,recipe
3530,query
3531,set
3532,query
3533,remove
3534,query
3535,query
3536,sendemail
3537,set
3538,music
3539,currency
3540,query
3541,query
3542,traffic
3543,set
3544,definition
3545,remove
3546,query
3547,recipe
3548,locations
3549,music
3550,set
3551,query
3552,query
3553,volume_down
3554,quirky
3555,query
3556,query
3557,radio
3558,set
3559,query
3560,query
3561,query
3562,query
3563,query
3564,factoid
3565,volume_mute
3566,taxi
3567,recipe
3568,ticket
3569,locations
3570,query
3571,music
3572,querycontact
3573,definition
3574,set
3575,query
3576,factoid
3577,factoid
3578,query
3579,query
3580,quirky
3581,set
3582,query
3583,quirky
3584,quirky
3585,query
3586,quirky
3587,radio
3588,query
3589,query
3590,set
3591,query
3592,cleaning
3593,query
3594,hue_lightchange
3595,recipe
3596,currency
3597,traffic
3598,game
3599,joke
3600,volume_up
3601,set
3602,query
3603,remove
3604,wemo_off
3605,quirky
3606,game
3607,factoid
3608,currency
3609,remove
3610,music
3611,factoid
3612,hue_lightoff
3613,query
3614,hue_lightoff
3615,query
3616,query
3617,quirky
3618,query
3619,query
3620,sendemail
3621,taxi
3622,ticket
3623,factoid
3624,query
3625,definition
3626,game
3627,quirky
3628,cleaning
3629,movies
3630,stock
3631,events
3632,events
3633,factoid
3634,volume_up
3635,factoid
3636,set
3637,query
3638,query
3639,set
3640,recipe
3641,query
3642,set
3643,hue_lightchange
3644,remove
3645,query
3646,coffee
3647,remove
3648,remove
3649,likeness
3650,hue_lightdim
3651,remove
3652,remove
3653,createoradd
3654,sendemail
3655,query
3656,remove
3657,query
3658,hue_lightchange
3659,sendemail
3660,ticket
3661,locations
3662,query
3663,radio
3664,query
3665,ticket
3666,query
3667,set
3668,post
3669,radio
3670,set
3671,music
3672,set
3673,volume_up
3674,traffic
3675,query
3676,factoid
3677,query
3678,quirky
3679,radio
3680,events
3681,sendemail
3682,hue_lightdim
3683,stock
3684,hue_lightoff
3685,query
3686,currency
3687,set
3688,recipe
3689,query
3690,stock
3691,query
3692,query
3693,query
3694,remove
3695,hue_lightoff
3696,query
3697,set
3698,set
3699,events
3700,query
3701,music
3702,query
3703,query
3704,query
3705,quirky
3706,remove
3707,remove
3708,currency
3709,query
3710,query
3711,radio
3712,factoid
3713,query
3714,coffee
3715,sendemail
3716,query
3717,radio
3718,sendemail
3719,remove
3720,definition
3721,currency
3722,radio
3723,query
3724,traffic
3725,query
3726,factoid
3727,set
3728,query
3729,query
3730,query
3731,sendemail
3732,podcasts
3733,sendemail
3734,query
3735,sendemail
3736,likeness
3737,sendemail
3738,query
3739,query
3740,query
3741,quirky
3742,factoid
3743,podcasts
3744,query
3745,querycontact
3746,set
3747,sendemail
3748,query
3749,query
3750,query
3751,taxi
3752,currency
3753,settings
3754,settings
3755,music
3756,query
3757,maths
3758,set
3759,set
3760,hue_lightup
3761,set
3762,query
3763,addcontact
3764,query
3765,quirky
3766,currency
3767,radio
3768,radio
3769,definition
3770,factoid
3771,createoradd
3772,remove
3773,set
3774,remove
3775,music
3776,recipe
3777,dislikeness
3778,query
3779,set
3780,factoid
3781,recipe
3782,factoid
3783,radio
3784,factoid
3785,set
3786,query
3787,addcontact
3788,set
3789,podcasts
3790,query
3791,query
3792,post
3793,music
3794,set
3795,remove
3796,query
3797,sendemail
3798,createoradd
3799,maths
3800,query
3801,hue_lightoff
3802,query
3803,query
3804,hue_lightup
3805,recipe
3806,query
3807,createoradd
3808,query
3809,maths
3810,factoid
3811,query
3812,set
3813,factoid
3814,events
3815,query
3816,addcontact
3817,query
3818,query
3819,set
3820,ticket
3821,query
3822,recipe
3823,remove
3824,query
3825,sendemail
3826,post
3827,set
3828,music
3829,query
3830,query
3831,query
3832,query
3833,quirky
3834,query
3835,set
3836,hue_lightoff
3837,query
3838,query
3839,coffee
3840,volume_mute
3841,traffic
3842,set
3843,set
3844,podcasts
3845,convert
3846,events
3847,factoid
3848,sendemail
3849,factoid
3850,query
3851,music
3852,query
3853,query
3854,createoradd
3855,set
3856,podcasts
3857,query
3858,remove
3859,music
3860,definition
3861,locations
3862,music
3863,definition
3864,music
3865,remove
3866,set
3867,likeness
3868,events
3869,definition
3870,recipe
3871,query
3872,query
3873,taxi
3874,set
3875,query
3876,radio
3877,order
3878,createoradd
3879,quirky
3880,recipe
3881,sendemail
3882,remove
3883,sendemail
3884,query
3885,quirky
3886,music
3887,post
3888,taxi
3889,factoid
3890,radio
3891,music
3892,quirky
3893,quirky
3894,maths
3895,query
3896,query
3897,ticket
3898,ticket
3899,music
3900,query
3901,post
3902,cleaning
3903,volume_mute
3904,hue_lightchange
3905,query
3906,events
3907,hue_lightchange
3908,recipe
3909,remove
3910,music
3911,createoradd
3912,post
3913,ticket
3914,events
3915,events
3916,set
3917,createoradd
3918,recipe
3919,query
3920,radio
3921,quirky
3922,query
3923,music
3924,factoid
3925,set
3926,settings
3927,events
3928,stock
3929,query
3930,music
3931,query
3932,currency
3933,recipe
3934,likeness
3935,ticket
3936,query
3937,set
3938,radio
3939,query
3940,stock
3941,podcasts
3942,audiobook
3943,hue_lightchange
3944,query
3945,movies
3946,query
3947,set
3948,events
3949,taxi
3950,taxi
3951,query
3952,query
3953,set
3954,cleaning
3955,audiobook
3956,post
3957,query
3958,currency
3959,radio
3960,recipe
3961,locations
3962,query
3963,podcasts
3964,locations
3965,factoid
3966,quirky
3967,factoid
3968,definition
3969,locations
3970,music
3971,remove
3972,query
3973,query
3974,remove
3975,query
3976,query
3977,music
3978,factoid
3979,post
3980,coffee
3981,music
3982,set
3983,quirky
3984,audiobook
3985,music
3986,post
3987,query
3988,recipe
3989,locations
3990,game
3991,query
3992,hue_lightchange
3993,set
3994,remove
3995,music
3996,querycontact
3997,query
3998,radio
3999,game
4000,coffee
4001,ticket
4002,sendemail
4003,query
4004,query
4005,set
4006,factoid
4007,taxi
4008,music
4009,game
4010,events
4011,definition
4012,currency
4013,music
4014,set
4015,query
4016,music
4017,hue_lightchange
4018,events
4019,cleaning
4020,remove
4021,factoid
4022,maths
4023,cleaning
4024,post
4025,hue_lightdim
4026,music
4027,remove
4028,query
4029,query
4030,query
4031,quirky
4032,events
4033,query
4034,remove
4035,query
4036,set
4037,audiobook
4038,stock
4039,ticket
4040,createoradd
4041,set
4042,hue_lightchange
4043,music
4044,sendemail
4045,currency
4046,createoradd
4047,post
4048,remove
4049,query
4050,music
4051,stock
4052,definition
4053,factoid
4054,locations
4055,query
4056,query
4057,factoid
4058,factoid
4059,set
4060,sendemail
4061,quirky
4062,set
4063,recipe
4064,query
4065,remove
4066,podcasts
4067,order
4068,taxi
4069,post
4070,definition
4071,maths
4072,query
4073,recipe
4074,currency
4075,hue_lightdim
4076,query
4077,query
4078,set
4079,music
4080,music
4081,quirky
4082,query
4083,query
4084,likeness
4085,set
4086,currency
4087,query
4088,music
4089,query
4090,stock
4091,query
4092,post
4093,likeness
4094,factoid
4095,podcasts
4096,query
4097,set
4098,set
4099,query
4100,currency
4101,likeness
4102,definition
4103,radio
4104,factoid
4105,music
4106,query
4107,set
4108,query
4109,factoid
4110,music
4111,definition
4112,query
4113,locations
4114,recipe
4115,set
4116,radio
4117,querycontact
4118,query
4119,set
4120,definition
4121,set
4122,factoid
4123,definition
4124,events
4125,remove
4126,stock
4127,query
4128,podcasts
4129,likeness
4130,hue_lightoff
4131,quirky
4132,query
4133,definition
4134,post
4135,query
4136,query
4137,set
4138,quirky
4139,remove
4140,factoid
4141,likeness
4142,set
4143,query
4144,query
4145,query
4146,query
4147,post
4148,wemo_on
4149,likeness
4150,query
4151,ticket
4152,remove
4153,query
4154,definition
4155,quirky
4156,factoid
4157,query
4158,radio
4159,sendemail
4160,querycontact
4161,set
4162,hue_lightup
4163,factoid
4164,radio
4165,remove
4166,audiobook
4167,volume_up
4168,query
4169,query
4170,set
4171,remove
4172,remove
4173,hue_lightchange
4174,radio
4175,remove
4176,radio
4177,query
4178,stock
4179,currency
4180,set
4181,set
4182,volume_mute
4183,recipe
4184,query
4185,podcasts
4186,query
4187,query
4188,query
4189,movies
4190,query
4191,remove
4192,query
4193,query
4194,set
4195,stock
4196,factoid
4197,query
4198,query
4199,query
4200,set
4201,set
4202,factoid
4203,query
4204,remove
4205,query
4206,remove
4207,hue_lightchange
4208,currency
4209,query
4210,podcasts
4211,currency
4212,query
4213,factoid
4214,set
4215,factoid
4216,events
4217,query
4218,quirky
4219,post
4220,query
4221,definition
4222,query
4223,query
4224,query
4225,set
4226,query
4227,query
4228,podcasts
4229,volume_mute
4230,stock
4231,definition
4232,query
4233,definition
4234,query
4235,query
4236,stock
4237,query
4238,ticket
4239,remove
4240,set
4241,set
4242,query
4243,factoid
4244,ticket
4245,query
4246,quirky
4247,query
4248,sendemail
4249,query
4250,createoradd
4251,music
4252,query
4253,radio
4254,definition
4255,hue_lightoff
4256,audiobook
4257,music
4258,quirky
4259,radio
4260,factoid
4261,recipe
4262,likeness
4263,volume_other
4264,currency
4265,remove
4266,query
4267,movies
4268,query
4269,locations
4270,music
4271,query
4272,query
4273,factoid
4274,factoid
4275,factoid
4276,audiobook
4277,currency
4278,query
4279,query
4280,volume_mute
4281,taxi
4282,query
4283,query
4284,query
4285,remove
4286,hue_lightchange
4287,factoid
4288,factoid
4289,currency
4290,definition
4291,query
4292,events
4293,factoid
4294,hue_lightoff
4295,volume_mute
4296,query
4297,music
4298,quirky
4299,set
4300,locations
4301,query
4302,factoid
4303,hue_lighton
4304,query
4305,query
4306,music
4307,music
4308,radio
4309,podcasts
4310,query
4311,query
4312,podcasts
4313,volume_up
4314,cleaning
4315,factoid
4316,settings
4317,definition
4318,set
4319,query
4320,likeness
4321,podcasts
4322,query
4323,coffee
4324,sendemail
4325,remove
4326,query
4327,currency
4328,likeness
4329,query
4330,factoid
4331,recipe
4332,definition
4333,recipe
4334,addcontact
4335,query
4336,set
4337,radio
4338,query
4339,query
4340,volume_up
4341,query
4342,factoid
4343,set
4344,music
4345,music
4346,query
4347,query
4348,music
4349,definition
4350,hue_lightchange
4351,query
4352,query
4353,query
4354,radio
4355,currency
4356,events
4357,query
4358,music
4359,query
4360,query
4361,likeness
4362,locations
4363,stock
4364,music
4365,query
4366,radio
4367,currency
4368,query
4369,traffic
4370,set
4371,music
4372,query
4373,query
4374,query
4375,querycontact
4376,factoid
4377,hue_lighton
4378,query
4379,query
4380,music
4381,ticket
4382,radio
4383,coffee
4384,query
4385,query
4386,query
4387,query
4388,quirky
4389,events
4390,query
4391,query
4392,post
4393,set
4394,query
4395,query
4396,query
4397,volume_up
4398,querycontact
4399,ticket
4400,game
4401,podcasts
4402,query
4403,query
4404,definition
4405,hue_lightoff
4406,music
4407,podcasts
4408,joke
4409,sendemail
4410,set
4411,music
4412,remove
4413,ticket
4414,locations
4415,stock
4416,remove
4417,remove
4418,remove
4419,radio
4420,hue_lightoff
4421,quirky
4422,hue_lightoff
4423,music
4424,set
4425,query
4426,query
4427,music
4428,traffic
4429,definition
4430,hue_lightchange
4431,volume_mute
4432,post
4433,sendemail
4434,definition
4435,music
4436,audiobook
4437,quirky
4438,set
4439,movies
4440,hue_lightup
4441,quirky
4442,music
4443,taxi
4444,set
4445,factoid
4446,stock
4447,podcasts
4448,query
4449,volume_mute
4450,query
4451,query
4452,stock
4453,stock
4454,query
4455,sendemail
4456,definition
4457,ticket
4458,hue_lightchange
4459,query
4460,query
4461,music
4462,query
4463,query
4464,music
4465,quirky
4466,definition
4467,post
4468,query
4469,set
4470,music
4471,addcontact
4472,query
4473,set
4474,hue_lightoff
4475,taxi
4476,set
4477,query
4478,movies
4479,convert
4480,recipe
4481,music
4482,set
4483,query
4484,factoid
4485,factoid
4486,music
4487,query
4488,query
4489,remove
4490,remove
4491,createoradd
4492,post
4493,factoid
4494,factoid
4495,volume_down
4496,query
4497,set
4498,hue_lightup
4499,factoid
4500,music
4501,post
4502,factoid
4503,podcasts
4504,factoid
4505,query
4506,query
4507,maths
4508,set
4509,volume_mute
4510,query
4511,sendemail
4512,quirky
4513,query
4514,hue_lightchange
4515,game
4516,factoid
4517,sendemail
4518,game
4519,music
4520,music
4521,hue_lightchange
4522,radio
4523,music
4524,query
4525,query
4526,music
4527,definition
4528,query
4529,query
4530,query
4531,post
4532,likeness
4533,music
4534,game
4535,ticket
4536,sendemail
4537,createoradd
4538,remove
4539,settings
4540,query
4541,query
4542,query
4543,query
4544,query
4545,query
4546,post
4547,sendemail
4548,music
4549,podcasts
4550,definition
4551,query
4552,query
4553,currency
4554,events
4555,audiobook
4556,set
4557,music
4558,quirky
4559,locations
4560,remove
4561,query
4562,createoradd
4563,query
4564,query
4565,sendemail
4566,audiobook
4567,remove
4568,set
4569,query
4570,remove
4571,query
4572,volume_up
4573,set
4574,query
4575,currency
4576,query
4577,query
4578,order
4579,query
4580,sendemail
4581,query
4582,query
4583,radio
4584,definition
4585,definition
4586,remove
4587,locations
4588,definition
4589,set
4590,remove
4591,set
4592,dislikeness
4593,query
4594,set
4595,query
4596,currency
4597,radio
4598,set
4599,querycontact
4600,query
4601,query
4602,joke
4603,createoradd
4604,post
4605,definition
4606,query
4607,hue_lightdim
4608,quirky
4609,query
4610,taxi
4611,query
4612,query
4613,order
4614,coffee
4615,volume_up
4616,query
4617,game
4618,music
4619,set
4620,query
4621,music
4622,post
4623,query
4624,currency
4625,audiobook
4626,query
4627,quirky
4628,volume_up
4629,events
4630,query
4631,radio
4632,podcasts
4633,remove
4634,set
4635,quirky
4636,query
4637,query
4638,set
4639,maths
4640,querycontact
4641,post
4642,createoradd
4643,query
4644,joke
4645,cleaning
4646,query
4647,query
4648,recipe
4649,query
4650,volume_mute
4651,post
4652,remove
4653,music
4654,volume_down
4655,query
4656,game
4657,post
4658,ticket
4659,sendemail
4660,query
4661,query
4662,query
4663,convert
4664,music
4665,addcontact
4666,currency
4667,query
4668,query
4669,sendemail
4670,query
4671,remove
4672,set
4673,query
4674,music
4675,sendemail
4676,music
4677,definition
4678,definition
4679,query
4680,set
4681,query
4682,game
4683,query
4684,query
4685,query
4686,set
4687,query
4688,definition
4689,music
4690,query
4691,music
4692,query
4693,recipe
4694,query
4695,radio
4696,definition
4697,query
4698,recipe
4699,sendemail
4700,query
4701,set
4702,query
4703,query
4704,ticket
4705,wemo_on
4706,quirky
4707,post
4708,quirky
4709,settings
4710,factoid
4711,game
4712,set
4713,remove
4714,query
4715,music
4716,quirky
4717,query
4718,query
4719,set
4720,sendemail
4721,query
4722,hue_lightup
4723,remove
4724,remove
4725,music
4726,hue_lightup
4727,music
4728,set
4729,query
4730,definition
4731,remove
4732,stock
4733,quirky
4734,query
4735,query
4736,query
4737,hue_lightup
4738,volume_up
4739,music
4740,post
4741,query
4742,set
4743,set
4744,music
4745,query
4746,set
4747,query
4748,audiobook
4749,factoid
4750,remove
4751,remove
4752,query
4753,ticket
4754,factoid
4755,audiobook
4756,radio
4757,factoid
4758,query
4759,query
4760,joke
4761,query
4762,radio
4763,query
4764,quirky
4765,query
4766,hue_lightdim
4767,quirky
4768,game
4769,query
4770,set
4771,definition
4772,hue_lightoff
4773,query
4774,volume_mute
4775,post
4776,quirky
4777,query
4778,query
4779,query
4780,quirky
4781,query
4782,podcasts
4783,game
4784,volume_down
4785,hue_lightoff
4786,hue_lightoff
4787,set
4788,podcasts
4789,query
4790,post
4791,radio
4792,query
4793,game
4794,audiobook
4795,addcontact
4796,sendemail
4797,query
4798,wemo_off
4799,remove
4800,volume_down
4801,radio
4802,query
4803,quirky
4804,ticket
4805,quirky
4806,quirky
4807,querycontact
4808,query
4809,query
4810,query
4811,order
4812,query
4813,query
4814,query
4815,query
4816,post
4817,factoid
4818,currency
4819,cleaning
4820,query
4821,set
4822,music
4823,settings
4824,sendemail
4825,ticket
4826,set
4827,remove
4828,definition
4829,order
4830,radio
4831,createoradd
4832,quirky
4833,quirky
4834,set
4835,podcasts
4836,query
4837,factoid
4838,remove
4839,locations
4840,coffee
4841,cleaning
4842,query
4843,set
4844,createoradd
4845,volume_up
4846,query
4847,definition
4848,query
4849,order
4850,query
4851,hue_lightoff
4852,query
4853,podcasts
4854,set
4855,events
4856,quirky
4857,factoid
4858,query
4859,remove
4860,quirky
4861,remove
4862,factoid
4863,remove
4864,query
4865,factoid
4866,events
4867,query
4868,stock
4869,wemo_off
4870,set
4871,query
4872,music
4873,locations
4874,hue_lightchange
4875,radio
4876,maths
4877,radio
4878,definition
4879,likeness
4880,factoid
4881,query
4882,radio
4883,factoid
4884,query
4885,traffic
4886,remove
4887,coffee
4888,query
4889,post
4890,set
4891,audiobook
4892,set
4893,definition
4894,query
4895,quirky
4896,query
4897,music
4898,remove
4899,query
4900,query
4901,query
4902,query
4903,maths
4904,query
4905,order
4906,querycontact
4907,currency
4908,definition
4909,music
4910,sendemail
4911,radio
4912,set
4913,query
4914,settings
4915,set
4916,query
4917,stock
4918,query
4919,query
4920,music
4921,stock
4922,remove
4923,remove
4924,sendemail
4925,createoradd
4926,locations
4927,query
4928,currency
4929,query
4930,query
4931,recipe
4932,currency
4933,set
4934,query
4935,set
4936,likeness
4937,createoradd
4938,set
4939,recipe
4940,locations
4941,recipe
4942,cleaning
4943,game
4944,query
4945,stock
4946,radio
4947,post
4948,query
4949,sendemail
4950,game
4951,query
4952,volume_up
4953,createoradd
4954,query
4955,audiobook
4956,locations
4957,set
4958,quirky
4959,music
4960,hue_lightdim
4961,set
4962,radio
4963,music
4964,query
4965,sendemail
4966,post
4967,podcasts
4968,set
4969,createoradd
4970,remove
4971,query
4972,sendemail
4973,remove
4974,query
4975,set
4976,remove
4977,set
4978,query
4979,volume_up
4980,definition
4981,query
4982,hue_lightoff
4983,sendemail
4984,set
4985,query
4986,settings
4987,taxi
4988,query
4989,factoid
4990,currency
4991,query
4992,query
4993,query
4994,game
4995,query
4996,quirky
4997,query
4998,hue_lightchange
4999,query
5000,quirky
5001,traffic
5002,audiobook
5003,wemo_off
5004,query
5005,query
5006,currency
5007,music
5008,remove
5009,sendemail
5010,currency
5011,query
5012,post
5013,post
5014,factoid
5015,sendemail
5016,locations
5017,query
5018,query
5019,query
5020,quirky
5021,audiobook
5022,query
5023,query
5024,query
5025,movies
5026,query
5027,query
5028,movies
5029,podcasts
5030,query
5031,set
5032,query
5033,game
5034,query
5035,query
5036,querycontact
5037,set
5038,ticket
5039,hue_lightoff
5040,radio
5041,podcasts
5042,set
5043,set
5044,query
5045,stock
5046,set
5047,podcasts
5048,query
5049,definition
5050,quirky
5051,query
5052,recipe
5053,game
5054,podcasts
5055,query
5056,query
5057,ticket
5058,quirky
5059,radio
5060,maths
5061,set
5062,sendemail
5063,cleaning
5064,sendemail
5065,query
5066,query
5067,audiobook
5068,query
5069,definition
5070,query
5071,remove
5072,sendemail
5073,query
5074,query
5075,remove
5076,set
5077,query
5078,set
5079,joke
5080,post
5081,cleaning
5082,radio
5083,query
5084,taxi
5085,query
5086,query
5087,set
5088,query
5089,query
5090,query
5091,music
5092,music
5093,query
5094,recipe
5095,audiobook
5096,events
5097,quirky
5098,query
5099,events
5100,audiobook
5101,music
5102,set
5103,hue_lightup
5104,convert
5105,quirky
5106,podcasts
5107,query
5108,query
5109,volume_other
5110,maths
5111,traffic
5112,traffic
5113,query
5114,set
5115,query
5116,taxi
5117,remove
5118,volume_up
5119,set
5120,sendemail
5121,set
5122,factoid
5123,traffic
5124,music
5125,radio
5126,factoid
5127,query
5128,definition
5129,factoid
5130,definition
5131,query
5132,query
5133,events
5134,wemo_off
5135,set
5136,game
5137,remove
5138,game
5139,volume_down
5140,movies
5141,definition
5142,query
5143,music
5144,query
5145,set
5146,volume_down
5147,remove
5148,remove
5149,query
5150,query
5151,radio
5152,hue_lightup
5153,remove
5154,music
5155,post
5156,set
5157,query
5158,set
5159,traffic
5160,set
5161,query
5162,query
5163,music
5164,audiobook
5165,query
5166,factoid
5167,music
5168,podcasts
5169,music
5170,factoid
5171,query
5172,audiobook
5173,quirky
5174,post
5175,set
5176,radio
5177,music
5178,volume_down
5179,game
5180,post
5181,post
5182,query
5183,query
5184,radio
5185,set
5186,query
5187,currency
5188,hue_lightchange
5189,query
5190,music
5191,definition
5192,convert
5193,query
5194,likeness
5195,factoid
5196,createoradd
5197,query
5198,query
5199,quirky
5200,joke
5201,query
5202,volume_mute
5203,hue_lightchange
5204,radio
5205,query
5206,music
5207,post
5208,query
5209,likeness
5210,query
5211,query
5212,sendemail
5213,set
5214,set
5215,order
5216,query
5217,set
5218,radio
5219,movies
5220,quirky
5221,radio
5222,music
5223,music
5224,definition
5225,events
5226,query
5227,remove
5228,music
5229,addcontact
5230,quirky
5231,recipe
5232,query
5233,set
5234,query
5235,music
5236,query
5237,query
5238,ticket
5239,query
5240,querycontact
5241,music
5242,maths
5243,query
5244,events
5245,query
5246,query
5247,hue_lightup
5248,sendemail
5249,query
5250,query
5251,quirky
5252,query
5253,set
5254,cleaning
5255,traffic
5256,stock
5257,quirky
5258,ticket
5259,definition
5260,definition
5261,podcasts
5262,factoid
5263,set
5264,post
5265,volume_up
5266,query
5267,factoid
5268,wemo_off
5269,query
5270,query
5271,hue_lightdim
5272,hue_lightchange
5273,remove
5274,query
5275,radio
5276,querycontact
5277,music
5278,post
5279,ticket
5280,quirky
5281,query
5282,set
5283,query
5284,traffic
5285,remove
5286,factoid
5287,radio
5288,querycontact
5289,hue_lightchange
5290,query
5291,locations
5292,cleaning
5293,radio
5294,query
5295,sendemail
5296,coffee
5297,definition
5298,query
5299,remove
5300,radio
5301,traffic
5302,factoid
5303,createoradd
5304,taxi
5305,set
5306,query
5307,query
5308,query
5309,query
5310,hue_lightchange
5311,hue_lightdim
5312,query
5313,music
5314,remove
5315,post
5316,recipe
5317,set
5318,set
5319,query
5320,post
5321,query
5322,set
5323,query
5324,query
5325,set
5326,query
5327,query
5328,query
5329,post
5330,set
5331,remove
5332,game
5333,set
5334,querycontact
5335,query
5336,query
5337,set
5338,set
5339,set
5340,addcontact
5341,music
5342,query
5343,podcasts
5344,volume_mute
5345,query
5346,query
5347,query
5348,query
5349,quirky
5350,query
5351,music
5352,currency
5353,hue_lightoff
5354,factoid
5355,remove
5356,podcasts
5357,set
5358,recipe
5359,order
5360,cleaning
5361,coffee
5362,traffic
5363,music
5364,addcontact
5365,maths
5366,query
5367,coffee
5368,locations
5369,query
5370,sendemail
5371,query
5372,remove
5373,music
5374,query
5375,set
5376,query
5377,query
5378,cleaning
5379,post
5380,query
5381,hue_lightup
5382,set
5383,music
5384,query
5385,query
5386,radio
5387,query
5388,query
5389,podcasts
5390,query
5391,hue_lightchange
5392,query
5393,createoradd
5394,quirky
5395,set
5396,set
5397,events
5398,coffee
5399,post
5400,quirky
5401,query
5402,recipe
5403,set
5404,query
5405,sendemail
5406,query
5407,sendemail
5408,podcasts
5409,music
5410,query
5411,set
5412,hue_lightoff
5413,hue_lightoff
5414,taxi
5415,quirky
5416,query
5417,remove
5418,music
5419,podcasts
5420,query
5421,traffic
5422,music
5423,maths
5424,set
5425,hue_lightup
5426,query
5427,remove
5428,query
5429,quirky
5430,hue_lightoff
5431,query
5432,volume_other
5433,querycontact
5434,query
5435,query
5436,query
5437,coffee
5438,music
5439,post
5440,query
5441,music
5442,quirky
5443,podcasts
5444,set
5445,sendemail
5446,set
5447,factoid
5448,query
5449,set
5450,music
5451,query
5452,query
5453,music
5454,query
5455,coffee
5456,sendemail
5457,factoid
5458,query
5459,audiobook
5460,query
5461,wemo_on
5462,query
5463,querycontact
5464,quirky
5465,set
5466,music
5467,query
5468,set
5469,query
5470,set
5471,volume_down
5472,definition
5473,query
5474,sendemail
5475,query
5476,definition
5477,set
5478,query
5479,coffee
5480,hue_lightoff
5481,query
5482,set
5483,stock
5484,query
5485,remove
5486,maths
5487,query
5488,query
5489,ticket
5490,set
5491,query
5492,remove
5493,query
5494,set
5495,set
5496,movies
5497,music
5498,query
5499,wemo_on
5500,post
5501,music
5502,quirky
5503,events
5504,query
5505,query
5506,query
5507,sendemail
5508,radio
5509,set
5510,taxi
5511,quirky
5512,taxi
5513,query
5514,music
5515,factoid
5516,query
5517,music
5518,query
5519,query
5520,query
5521,recipe
5522,factoid
5523,query
5524,likeness
5525,podcasts
5526,coffee
5527,music
5528,joke
5529,music
5530,factoid
5531,set
5532,likeness
5533,set
5534,cleaning
5535,query
5536,joke
5537,radio
5538,query
5539,likeness
5540,convert
5541,ticket
5542,set
5543,volume_mute
5544,set
5545,query
5546,podcasts
5547,ticket
5548,query
5549,taxi
5550,audiobook
5551,traffic
5552,set
5553,factoid
5554,podcasts
5555,query
5556,query
5557,query
5558,radio
5559,cleaning
5560,query
5561,query
5562,set
5563,remove
5564,game
5565,volume_mute
5566,taxi
5567,traffic
5568,set
5569,set
5570,events
5571,quirky
5572,currency
5573,ticket
5574,post
5575,query
5576,sendemail
5577,factoid
5578,quirky
5579,likeness
5580,sendemail
5581,remove
5582,query
5583,sendemail
5584,maths
5585,query
5586,set
5587,sendemail
5588,query
5589,querycontact
5590,likeness
5591,taxi
5592,podcasts
5593,post
5594,coffee
5595,music
5596,sendemail
5597,query
5598,createoradd
5599,query
5600,set
5601,locations
5602,wemo_on
5603,query
5604,set
5605,sendemail
5606,query
5607,query
5608,recipe
5609,addcontact
5610,taxi
5611,query
5612,taxi
5613,hue_lightoff
5614,query
5615,query
5616,query
5617,query
5618,ticket
5619,createoradd
5620,traffic
5621,query
5622,set
5623,createoradd
5624,stock
5625,quirky
5626,taxi
5627,quirky
5628,query
5629,dislikeness
5630,likeness
5631,stock
5632,convert
5633,volume_mute
5634,query
5635,locations
5636,query
5637,locations
5638,query
5639,order
5640,settings
5641,music
5642,query
5643,query
5644,sendemail
5645,audiobook
5646,currency
5647,hue_lightchange
5648,wemo_off
5649,factoid
5650,query
5651,podcasts
5652,locations
5653,events
5654,set
5655,factoid
5656,query
5657,taxi
5658,query
5659,query
5660,query
5661,querycontact
5662,query
5663,sendemail
5664,remove
5665,query
5666,query
5667,locations
5668,query
5669,set
5670,remove
5671,post
5672,remove
5673,radio
5674,ticket
5675,volume_up
5676,likeness
5677,radio
5678,createoradd
5679,game
5680,query
5681,post
5682,music
5683,hue_lightoff
5684,stock
5685,set
5686,recipe
5687,hue_lightdim
5688,query
5689,quirky
5690,query
5691,query
5692,music
5693,query
5694,volume_mute
5695,remove
5696,order
5697,query
5698,quirky
5699,music
5700,podcasts
5701,factoid
5702,factoid
5703,remove
5704,query
5705,query
5706,set
5707,events
5708,wemo_on
5709,podcasts
5710,recipe
5711,music
5712,cleaning
5713,radio
5714,query
5715,factoid
5716,factoid
5717,joke
5718,quirky
5719,radio
5720,music
5721,music
5722,hue_lightoff
5723,query
5724,query
5725,query
5726,sendemail
5727,locations
5728,quirky
5729,query
5730,sendemail
5731,hue_lightoff
5732,definition
5733,cleaning
5734,podcasts
5735,joke
5736,set
5737,traffic
5738,sendemail
5739,quirky
5740,query
5741,locations
5742,set
5743,music
5744,likeness
5745,query
5746,remove
5747,query
5748,joke
5749,query
5750,music
5751,order
5752,hue_lightchange
5753,query
5754,locations
5755,music
5756,query
5757,music
5758,createoradd
5759,events
5760,radio
5761,post
5762,recipe
5763,remove
5764,stock
5765,hue_lightdim
5766,query
5767,query
5768,quirky
5769,set
5770,convert
5771,query
5772,query
5773,order
5774,query
5775,hue_lightoff
5776,sendemail
5777,stock
5778,query
5779,quirky
5780,factoid
5781,coffee
5782,wemo_off
5783,factoid
5784,query
5785,query
5786,events
5787,query
5788,locations
5789,music
5790,query
5791,volume_up
5792,query
5793,query
5794,movies
5795,query
5796,events
5797,recipe
5798,music
5799,traffic
5800,hue_lightoff
5801,sendemail
5802,query
5803,wemo_on
5804,set
5805,quirky
5806,likeness
5807,query
5808,remove
5809,querycontact
5810,query
5811,order
5812,post
5813,query
5814,query
5815,music
5816,joke
5817,convert
5818,query
5819,remove
5820,query
5821,radio
5822,wemo_on
5823,query
5824,query
5825,wemo_on
5826,sendemail
5827,querycontact
5828,querycontact
5829,query
5830,set
5831,podcasts
5832,factoid
5833,currency
5834,hue_lightup
5835,query
5836,music
5837,set
5838,locations
5839,hue_lightoff
5840,query
5841,recipe
5842,radio
5843,query
5844,set
5845,game
5846,query
5847,query
5848,quirky
5849,cleaning
5850,query
5851,remove
5852,query
5853,hue_lightdim
5854,taxi
5855,music
5856,volume_mute
5857,music
5858,events
5859,query
5860,query
5861,game
5862,stock
5863,traffic
5864,joke
5865,remove
5866,music
5867,querycontact
5868,quirky
5869,remove
5870,createoradd
5871,query
5872,factoid
5873,query
5874,factoid
5875,factoid
5876,factoid
5877,query
5878,cleaning
5879,query
5880,traffic
5881,likeness
5882,factoid
5883,locations
5884,radio
5885,query
5886,set
5887,sendemail
5888,query
5889,locations
5890,set
5891,traffic
5892,query
5893,query
5894,querycontact
5895,maths
5896,traffic
5897,query
5898,traffic
5899,currency
5900,query
5901,traffic
5902,music
5903,query
5904,set
5905,joke
5906,definition
5907,quirky
5908,quirky
5909,music
5910,sendemail
5911,ticket
5912,music
5913,query
5914,factoid
5915,quirky
5916,factoid
5917,set
5918,set
5919,hue_lightoff
5920,music
5921,game
5922,set
5923,set
5924,locations
5925,set
5926,maths
5927,query
5928,query
5929,music
5930,factoid
5931,query
5932,set
5933,query
5934,music
5935,query
5936,events
5937,quirky
5938,radio
5939,query
5940,cleaning
5941,traffic
5942,hue_lightup
5943,quirky
5944,definition
5945,set
5946,dislikeness
5947,factoid
5948,query
5949,query
5950,remove
5951,query
5952,set
5953,post
5954,volume_up
5955,radio
5956,music
5957,query
5958,query
5959,set
5960,factoid
5961,hue_lightup
5962,set
5963,music
5964,set
5965,addcontact
5966,query
5967,query
5968,music
5969,query
5970,factoid
5971,order
5972,factoid
5973,query
5974,query
5975,definition
5976,query
5977,music
5978,stock
5979,query
5980,hue_lightoff
5981,query
5982,query
5983,set
5984,sendemail
5985,query
5986,music
5987,traffic
5988,hue_lightoff
5989,set
5990,set
5991,coffee
5992,query
5993,query
5994,music
5995,query
5996,factoid
5997,query
5998,set
5999,query
6000,query
6001,music
6002,locations
6003,traffic
6004,query
6005,radio
6006,currency
6007,hue_lightup
6008,volume_up
6009,set
6010,hue_lightup
6011,set
6012,order
6013,query
6014,query
6015,query
6016,query
6017,quirky
6018,currency
6019,factoid
6020,currency
6021,factoid
6022,createoradd
6023,order
6024,volume_up
6025,query
6026,set
6027,currency
6028,stock
6029,query
6030,factoid
6031,sendemail
6032,quirky
6033,querycontact
6034,query
6035,post
6036,query
6037,query
6038,query
6039,query
6040,query
6041,query
6042,query
6043,locations
6044,music
6045,remove
6046,factoid
6047,remove
6048,settings
6049,music
6050,post
6051,recipe
6052,hue_lightoff
6053,audiobook
6054,set
6055,query
6056,quirky
6057,set
6058,query
6059,music
6060,query
6061,query
6062,query
6063,query
6064,volume_up
6065,query
6066,hue_lightchange
6067,query
6068,hue_lightoff
6069,query
6070,query
6071,createoradd
6072,quirky
6073,query
6074,radio
6075,set
6076,hue_lightchange
6077,traffic
6078,traffic
6079,settings
6080,factoid
6081,addcontact
6082,query
6083,set
6084,definition
6085,query
6086,hue_lightoff
6087,query
6088,query
6089,taxi
6090,music
6091,query
6092,set
6093,query
6094,ticket
6095,movies
6096,music
6097,query
6098,game
6099,remove
6100,query
6101,game
6102,query
6103,music
6104,query
6105,query
6106,query
6107,query
6108,query
6109,set
6110,settings
6111,coffee
6112,query
6113,set
6114,set
6115,quirky
6116,settings
6117,hue_lightchange
6118,query
6119,remove
6120,music
6121,remove
6122,set
6123,addcontact
6124,query
6125,hue_lightchange
6126,query
6127,query
6128,currency
6129,stock
6130,volume_up
6131,remove
6132,query
6133,query
6134,factoid
6135,factoid
6136,definition
6137,set
6138,query
6139,querycontact
6140,query
6141,currency
6142,settings
6143,podcasts
6144,radio
6145,query
6146,query
6147,factoid
6148,hue_lightdim
6149,currency
6150,query
6151,query
6152,quirky
6153,podcasts
6154,ticket
6155,query
6156,post
6157,traffic
6158,querycontact
6159,recipe
6160,query
6161,cleaning
6162,sendemail
6163,set
6164,query
6165,factoid
6166,factoid
6167,query
6168,audiobook
6169,hue_lightchange
6170,remove
6171,query
6172,query
6173,traffic
6174,query
6175,remove
6176,sendemail
6177,quirky
6178,volume_up
6179,query
6180,set
6181,post
6182,post
6183,podcasts
6184,events
6185,query
6186,query
6187,factoid
6188,query
6189,remove
6190,coffee
6191,query
6192,remove
6193,traffic
6194,query
6195,definition
6196,set
6197,query
6198,quirky
6199,query
6200,convert
6201,set
6202,quirky
6203,query
6204,createoradd
6205,query
6206,query
6207,audiobook
6208,post
6209,query
6210,set
6211,addcontact
6212,hue_lightup
6213,quirky
6214,quirky
6215,factoid
6216,post
6217,definition
6218,game
6219,query
6220,remove
